"","longtitude","latitude"
"辽阳市白塔区人民法院",123.168794023755,41.273560953743
"辽阳市白塔区人民法院",123.168794023755,41.273560953743
"上海市宝山区人民法院",121.476268405613,31.4073694359516
"商水县人民法院",114.629109016905,33.564622078693
"湖南省湘潭县人民法院",112.955462981434,27.7898420171902
"湖南省湘潭县人民法院",112.955462981434,27.7898420171902
"河南省尉氏县人民法院",114.208405956739,34.4256460309113
"湖南省湘潭县人民法院",112.955462981434,27.7898420171902
"大连市甘井子区人民法院",121.532056501513,38.9589449179393
"上海市宝山区人民法院",121.476268405613,31.4073694359516
"广东省高级人民法院",113.359839877806,23.1270639534287
"鞍山市铁西区人民法院",122.960825967682,41.1393989580235
"湖南省湘潭县人民法院",112.955462981434,27.7898420171902
"河南省郸城县人民法院",115.178460026105,33.642817061835
"安徽省六安市金安区人民法院",116.544891042426,31.7587069707854
"成都市双流区人民法院",103.92896368566,30.5808479931122
"静乐县人民法院",111.9450159904,38.3746161074316
"镇原县人民法院",107.206626989755,35.6770989236136
"上海市宝山区人民法院",121.476268405613,31.4073694359516
"湖南省常宁市人民法院",112.42252599035,26.4069290067711
"伊金霍洛旗人民法院",109.786928989162,39.5459610768217
"河南省渑池县人民法院",111.802567014494,34.7648809921349
"安徽省涡阳县人民法院",116.213619955103,33.5007021419174
"河南省西平县人民法院",114.01198292308,33.3930122539787
"上海市宝山区人民法院",121.476268405613,31.4073694359516
"湖南省湘潭县人民法院",112.955462981434,27.7898420171902
"山东省淄博市博山区人民法院",117.870180115542,36.4997710229822
"河南省郏县人民法院",113.251602971613,33.9786010493521
"河北省承德县人民法院",118.181857991895,40.7853179511078
"上海市宝山区人民法院",121.476268405613,31.4073694359516
"湖北省房县人民法院",110.746196026303,32.0552720380331
"河南省商水县人民法院",114.629109016905,33.564622078693
"上海市宝山区人民法院",121.476268405613,31.4073694359516
"湖南省花垣县人民法院",109.461539993072,28.5880450409012
"河南省临颍县人民法院",113.955864969397,33.821203043617
"天津市滨海新区人民法院",117.712099994949,39.0278851165535
"上海市宝山区人民法院",121.476268405613,31.4073694359516
"江苏省高邮市人民法院",119.490091028125,32.7863292234
"西宁市城东区人民法院",101.810394940417,36.5947256238027
"上海市宝山区人民法院",121.476268405613,31.4073694359516
"湖南省湘潭县人民法院",112.955462981434,27.7898420171902
"湖南省湘潭县人民法院",112.955462981434,27.7898420171902
"上海市宝山区人民法院",121.476268405613,31.4073694359516
"河南省商水县人民法院",114.629109016905,33.564622078693
"上海市虹口区人民法院",121.469406519314,31.2824786422979
"兰州新区人民法院",103.673752036037,36.4970689034158
"兰州新区人民法院",103.673752036037,36.4970689034158
"河南省郏县人民法院",113.251602971613,33.9786010493521
"河北省宽城满族自治县人民法院",118.476011993851,40.5999180012217
"兰州市安宁区人民法院",103.712810000288,36.1002468848564
"河南省许昌市建安区人民法院",113.849778142907,34.0119552993948
"云南省弥勒市人民法院",103.426341978853,24.4137670215652
"河南省许昌市中级人民法院",113.866133052344,34.0260328199668
"湖北省黄冈市中级人民法院",114.904374348903,30.4623914954677
"河南省鹿邑县人民法院",115.516237989389,33.8660740690136
"广东省吴川市人民法院",110.791181086454,21.4126251705447
"黑龙江省大庆市让胡路区人民法院",124.862834983755,46.6236435320002
"宁夏回族自治区石嘴山市中级人民法院",106.373848465033,39.0264166949581
"河南省驻马店市驿城区人民法院",114.007902010979,32.9803120963459
"黑龙江省密山市人民法院",131.856872982713,45.5372282812838
"内蒙古自治区呼和浩特市中级人民法院",111.713494992669,40.7942639996924
"河南省正阳县人民法院",114.380548960261,32.608507127985
"定边县人民法院",107.585479972483,37.6261110093811
"辽宁省丹东市中级人民法院",124.40617402136,40.1331780851523
"安徽省长丰县人民法院",117.170514028408,32.4651770925838
"河南省新蔡县人民法院",114.960754967117,32.7718351148512
"旬阳县人民法院",109.36834098932,32.8383311478577
"湖北省武汉市黄陂区人民法院",114.385329023541,30.8918418774384
"河南省新蔡县人民法院",114.960754967117,32.7718351148512
"阜新市海州区人民法院",121.669435710612,42.0237347893854
"北京市通州区人民法院",116.684113484601,39.8931786291521
"兰州市红古区人民法院",102.858318982237,36.355084901547
"河南省郑州市中原区人民法院",113.624783424537,34.7758524709274
"河南省平舆县人民法院",114.640065020397,32.971411104004
"河南省商水县人民法院",114.629109016905,33.564622078693
"河南省西平县人民法院",114.01198292308,33.3930122539787
"河南省柘城县人民法院",115.296726977004,34.098195073545
"吉林省长岭县人民法院",123.960329995056,44.2781811237322
"镇原县人民法院",107.206626989755,35.6770989236136
"河南省永城市人民法院",116.464099960114,33.9457190437851
"甘肃省临夏县人民法院",103.24765896315,35.6046758689298
"河北省涿州市人民法院",116.023656995688,39.4996020984185
"河南省新蔡县人民法院",114.960754967117,32.7718351148512
"辽宁省凌源市人民法院",119.392228008918,41.2378929536548
"河南省鹿邑县人民法院",115.516237989389,33.8660740690136
"河南省新蔡县人民法院",114.960754967117,32.7718351148512
"河南省郸城县人民法院",115.178460026105,33.642817061835
"陕西省白河县人民法院",110.122006825744,32.8048261096201
"河南省新蔡县人民法院",114.960754967117,32.7718351148512
"上海市嘉定区人民法院",121.263021008057,31.3556498997294
"江苏省丹阳市人民法院",119.585173522287,31.9891952609855
"上海市浦东新区人民法院",121.550907891792,31.2311820411696
"湖南省湘乡市人民法院",112.526580041267,27.7403440198253
"山东省郯城县人民法院",118.381554989816,34.6182119608296
"湖南省龙山县人民法院",109.455456039346,29.458577987222
"莆田市秀屿区人民法院",119.109589997674,25.3015440175314
"广元市利州区人民法院",105.864350959444,32.4383820490389
"湖北省竹山县人民法院",110.212024044627,32.221268019753
"上海市杨浦区人民法院",121.536879503796,31.2699653026107
"广东省湛江市霞山区人民法院",110.405151002151,21.2208239450274
"辽宁省盘锦市中级人民法院",122.079382640262,41.115687331435
"陕西省延川县人民法院",110.186451981675,36.9049549420535
"湖北省房县人民法院",110.746196026303,32.0552720380331
"上海市闵行区人民法院",121.384647980886,31.1279918487453
"广东省吴川市人民法院",110.791181086454,21.4126251705447
"上海市浦东新区人民法院",121.550907891792,31.2311820411696
"甘肃省临夏县人民法院",103.24765896315,35.6046758689298
"湖北省罗田县人民法院",115.419540970734,30.7597458332664
"上海市浦东新区人民法院",121.550907891792,31.2311820411696
"海城市人民法院",122.819743134796,40.8662559510743
"江苏省海安市人民法院",120.485132004234,32.5335050992081
"上海市浦东新区人民法院",121.550907891792,31.2311820411696
"湖北省保康县人民法院",111.277854998314,31.8554089775758
"江西省吉安县人民法院",114.925231999657,27.0493120051083
"江西省上犹县人民法院",114.54809199583,25.7901540362926
"本溪市平山区人民法院",123.766304269311,41.2896509406379
"江苏省盱眙县人民法院",118.530582975616,32.9867790984914
"上海市青浦区人民法院",121.118363188733,31.1620385252429
"上海市闵行区人民法院",121.384647980886,31.1279918487453
"陕西省延川县人民法院",110.186451981675,36.9049549420535
"江苏省高邮市人民法院",119.490091028125,32.7863292234
"安徽省来安县人民法院",118.434695959039,32.4204900886188
"云南省开远市人民法院",103.260193008732,23.7069840263022
"上海市浦东新区人民法院",121.550907891792,31.2311820411696
"河南省商水县人民法院",114.629109016905,33.564622078693
"安徽省阜阳市颍东区人民法院",115.858212027541,32.9184111299148
"河南省正阳县人民法院",114.380548960261,32.608507127985
"河南省郸城县人民法院",115.178460026105,33.642817061835
"云南省鲁甸县人民法院",103.553075998125,27.1851689581175
"湖南省湘乡市人民法院",112.526580041267,27.7403440198253
"湖北省武汉市黄陂区人民法院",114.385329023541,30.8918418774384
"河南省焦作市马村区人民法院",113.33464799228,35.2627148849585
"安徽省淮南市谢家集区人民法院",116.87865995805,32.6036030815317
"河南省许昌市建安区人民法院",113.849778142907,34.0119552993948
"河北省枣强县人民法院",115.734274972263,37.5023630038143
"上海市浦东新区人民法院",121.550907891792,31.2311820411696
"湖南省永州市零陵区人民法院",111.643501977772,26.2835699943685
"湖南省龙山县人民法院",109.455456039346,29.458577987222
"云南省耿马傣族佤族自治县人民法院",99.40529502419,23.5316559994147
"甘肃省东乡族自治县人民法院",103.398816022839,35.6656399221102
"湖南省龙山县人民法院",109.455456039346,29.458577987222
"安徽省淮北市相山区人民法院",116.818105003961,33.9551300448614
"湖南省湘乡市人民法院",112.526580041267,27.7403440198253
"河南省漯河市郾城区人民法院",114.023723955757,33.6344200723756
"安徽省淮南市谢家集区人民法院",116.87865995805,32.6036030815317
"湖南省龙山县人民法院",109.455456039346,29.458577987222
"湖南省吉首市人民法院",109.693059014454,28.2458950201045
"广元市利州区人民法院",105.864350959444,32.4383820490389
"安徽省淮南市谢家集区人民法院",116.87865995805,32.6036030815317
"山东省莒南县人民法院",118.835582040333,35.2144039515919
"上海市浦东新区人民法院",121.550907891792,31.2311820411696
"安徽省安庆市大观区人民法院",117.020097980934,30.5642419306427
"上海市青浦区人民法院",121.118363188733,31.1620385252429
"安徽省安庆市大观区人民法院",117.020097980934,30.5642419306427
"河南省焦作市马村区人民法院",113.33464799228,35.2627148849585
"湖南省湘潭县人民法院",112.955462981434,27.7898420171902
"山西省隰县人民法院",110.952434035794,36.7136719402687
"江西省共青城市人民法院",115.802477006155,29.2572200660258
"山东省郯城县人民法院",118.381554989816,34.6182119608296
"武夷山市人民法院",118.037272020932,27.7564400015539
"兰州市城关区人民法院",103.892685976962,36.0653948674223
"安徽省安庆市大观区人民法院",117.020097980934,30.5642419306427
"山东省郯城县人民法院",118.381554989816,34.6182119608296
"湖南省龙山县人民法院",109.455456039346,29.458577987222
"湖南省龙山县人民法院",109.455456039346,29.458577987222
"江西省鹰潭市余江区人民法院",116.824285959004,28.2124719765954
"河南省兰考县人民法院",114.828494033322,34.8488039431176
"陕西省黄陵县人民法院",109.26841195727,35.5853169019349
"安徽省淮北市相山区人民法院",116.818105003961,33.9551300448614
"广东省吴川市人民法院",110.791181086454,21.4126251705447
"湖南省龙山县人民法院",109.455456039346,29.458577987222
"河南省宝丰县人民法院",113.089881030651,33.8715961102978
"云南省富宁县人民法院",105.642318032186,23.6295140517835
"上海市松江区人民法院",121.235898020642,31.0186578443646
"安徽省长丰县人民法院",117.170514028408,32.4651770925838
"湖南省湘潭县人民法院",112.955462981434,27.7898420171902
"安徽省长丰县人民法院",117.170514028408,32.4651770925838
"湖北省竹溪县人民法院",109.713091959295,32.3192330676547
"湖南省龙山县人民法院",109.455456039346,29.458577987222
"河南省正阳县人民法院",114.380548960261,32.608507127985
"湖南省湘乡市人民法院",112.526580041267,27.7403440198253
"陕西省黄陵县人民法院",109.26841195727,35.5853169019349
"广东省博罗县人民法院",114.272298011131,23.1651230530187
"河南省项城市人民法院",114.907983021798,33.4463110867764
"江苏省仪征市人民法院",119.179940001647,32.2882120563158
"西宁市城北区人民法院",101.771186689654,36.6517169189716
"广东省吴川市人民法院",110.791181086454,21.4126251705447
"河南省正阳县人民法院",114.380548960261,32.608507127985
"江苏省丹阳市人民法院",119.585173522287,31.9891952609855
"安徽省桐城市人民法院",116.978144957685,31.0575898472217
"营山县人民法院",106.589999006335,31.07796182831
"宁夏回族自治区石嘴山市中级人民法院",106.373848465033,39.0264166949581
"河南省宁陵县人民法院",115.311855968912,34.4608060238914
"湖北省竹溪县人民法院",109.713091959295,32.3192330676547
"湖南省龙山县人民法院",109.455456039346,29.458577987222
"湖南省湘乡市人民法院",112.526580041267,27.7403440198253
"静乐县人民法院",111.9450159904,38.3746161074316
"湖南省衡阳市珠晖区人民法院",112.692017014441,26.8983959853614
"兰州新区人民法院",103.673752036037,36.4970689034158
"兰州新区人民法院",103.673752036037,36.4970689034158
"正阳县人民法院",114.380548960261,32.608507127985
"庄河市人民法院",122.975852013778,39.6852080948092
"黑龙江省大庆市让胡路区人民法院",124.862834983755,46.6236435320002
"河南省正阳县人民法院",114.380548960261,32.608507127985
"河南省西平县人民法院",114.01198292308,33.3930122539787
"浦北县人民法院",109.550360040172,22.248176018253
"湖南省湘乡市人民法院",112.526580041267,27.7403440198253
"河南省兰考县人民法院",114.828494033322,34.8488039431176
"安徽省濉溪县人民法院",116.741718044073,33.9250630419751
"古交市人民法院",112.18295376405,37.9137240608453
"河南省兰考县人民法院",114.828494033322,34.8488039431176
"河南省兰考县人民法院",114.828494033322,34.8488039431176
"湖北省武汉市江夏区人民法院",114.344188966778,30.3645370100324
"贵州省凤冈县人民法院",107.724208962768,27.9541230211915
"陕西省黄陵县人民法院",109.26841195727,35.5853169019349
"甘肃省东乡族自治县人民法院",103.398816022839,35.6656399221102
"河南省正阳县人民法院",114.380548960261,32.608507127985
"陕西省黄陵县人民法院",109.26841195727,35.5853169019349
"黑龙江省大庆市让胡路区人民法院",124.862834983755,46.6236435320002
"江西省乐平市人民法院",117.162545144439,28.9833239287253
"陕西省渭南市中级人民法院",109.459661020683,34.5066710069273
"河南省宁陵县人民法院",115.311855968912,34.4608060238914
"上海市浦东新区人民法院",121.550907891792,31.2311820411696
"江西省鹰潭市余江区人民法院",116.824285959004,28.2124719765954
"黑龙江省大庆市让胡路区人民法院",124.862834983755,46.6236435320002
"安徽省长丰县人民法院",117.170514028408,32.4651770925838
"河南省渑池县人民法院",111.802567014494,34.7648809921349
"河南省郑州高新技术产业开发区人民法院",113.75453000121,34.7742877484147
"黑龙江省大庆市让胡路区人民法院",124.862834983755,46.6236435320002
"安徽省长丰县人民法院",117.170514028408,32.4651770925838
"湖南省湘乡市人民法院",112.526580041267,27.7403440198253
"甘肃省东乡族自治县人民法院",103.398816022839,35.6656399221102
"安徽省阜阳市颍泉区人民法院",115.824070040193,32.9259501434018
"湖南省龙山县人民法院",109.455456039346,29.458577987222
"广东省吴川市人民法院",110.791181086454,21.4126251705447
"湖南省高级人民法院",113.026932886429,28.2175215336281
"辽阳市白塔区人民法院",123.168794023755,41.273560953743
"河北省宽城满族自治县人民法院",118.476011993851,40.5999180012217
"河南省宜阳县人民法院",112.223864124094,34.5263425889519
"四川省乐山市金口河区人民法院",103.084393003538,29.246526993391
"上海市金山区人民法院",121.343510888532,30.7448053187233
"山东省枣庄市山亭区人民法院",117.471575370922,35.1058121675988
"银川市西夏区人民法院",106.165379873129,38.5079034999398
"安徽省天长市人民法院",119.007604042102,32.6976360742969
"定安县人民法院",110.365800998791,19.6849900307799
"甘肃省康乐县人民法院",103.719294957595,35.3697509171607
"贵州省黄平县人民法院",107.926454992337,26.9128079577824
"海东市乐都区人民法院",102.379186987633,36.4798708805902
"河北省承德县人民法院",118.181857991895,40.7853179511078
"湖南省湘潭县人民法院",112.955462981434,27.7898420171902
"湖南省沅江市人民法院",112.371188998269,28.8378920469387
"辽宁省凌海市人民法院",121.364694010424,41.1704149638816
"上海市宝山区人民法院",121.476268405613,31.4073694359516
"河南省项城市人民法院",114.907983021798,33.4463110867764
"桐城市人民法院",116.978144957685,31.0575898472217
"贵州省赫章县人民法院",104.742985938968,27.1302060735431
"抚顺市望花区人民法院",123.802026016729,41.855246853153
"河南省邓州市人民法院",112.110143138058,32.6850817708861
"岚县人民法院",111.651739992249,38.2780970379625
"徐州市铜山区人民法院",117.175265795064,34.188767861708
"黑龙江省大庆市让胡路区人民法院",124.862834983755,46.6236435320002
"河北省承德县人民法院",118.181857991895,40.7853179511078
"湖南省耒阳市人民法院",112.812345935768,26.4138884700207
"贵州省独山县人民法院",107.550287044903,25.8277480335602
"安徽省淮南市谢家集区人民法院",116.87865995805,32.6036030815317
"陕西省延川县人民法院",110.186451981675,36.9049549420535
"甘肃省秦安县人民法院",105.669874014842,34.8819289602231
"山东省滨州市滨城区人民法院",118.03011299125,37.4381279536101
"河南省新蔡县人民法院",114.960754967117,32.7718351148512
"天津市南开区人民法院",117.146100959225,39.1126032769916
"百色市右江区人民法院",106.681009020139,23.8783060031605
"甘肃省康乐县人民法院",103.719294957595,35.3697509171607
"广东省佛山市三水区人民法院",112.9094569834,23.1671086754718
"河北省承德县人民法院",118.181857991895,40.7853179511078
"哈尔滨市香坊区人民法院",126.649862970372,45.720560941609
"江西省上饶县人民法院",117.914088015204,28.4693059880471
"江苏省启东市人民法院",121.673942689017,31.8029875928488
"河北省邯郸市峰峰矿区人民法院",114.230269275563,36.4336579004847
"河南省郸城县人民法院",115.178460026105,33.642817061835
"贵州省石阡县人民法院",108.238025970232,27.5415499640064
"河南省方城县人民法院",113.010024006409,33.2547141101627
"湛江经济技术开发区人民法院",110.405832995694,21.2327789635073
"江西省大余县人民法院",114.363131969354,25.4020039749618
"湖北省竹溪县人民法院",109.713091959295,32.3192330676547
"江西省南昌市新建区人民法院",115.830439999044,28.6988990422077
"湖北省保康县人民法院",111.277854998314,31.8554089775758
"辽阳市白塔区人民法院",123.168794023755,41.273560953743
"湖南省龙山县人民法院",109.455456039346,29.458577987222
"广东省吴川市人民法院",110.791181086454,21.4126251705447
"甘肃省康乐县人民法院",103.719294957595,35.3697509171607
"河南省焦作市马村区人民法院",113.33464799228,35.2627148849585
"湖南省张家界市永定区人民法院",110.545142034474,29.1256090567727
"湖北省竹溪县人民法院",109.713091959295,32.3192330676547
"临高县人民法院",109.692478978587,19.9062370109475
"湖南省临武县人民法院",112.579962025841,25.2818360087882
"上海市青浦区人民法院",121.118363188733,31.1620385252429
"云南省曲靖市中级人民法院",103.809769043281,25.466646025481
"安徽省淮南市谢家集区人民法院",116.87865995805,32.6036030815317
"湖南省龙山县人民法院",109.455456039346,29.458577987222
"湖南省龙山县人民法院",109.455456039346,29.458577987222
"安徽省淮南市谢家集区人民法院",116.87865995805,32.6036030815317
"湖南省炎陵县人民法院",113.788187966873,26.4992879444511
"湖南省浏阳市人民法院",113.646628762622,28.1680323845178
"定远县人民法院",117.709315966513,32.5379291163838
"江苏省高邮市人民法院",119.490091028125,32.7863292234
"上海市宝山区人民法院",121.476268405613,31.4073694359516
"陕西省延川县人民法院",110.186451981675,36.9049549420535
"上海市松江区人民法院",121.235898020642,31.0186578443646
"广东省云浮市云安区人民法院",112.010708968425,23.0631410357235
"湖南省湘乡市人民法院",112.526580041267,27.7403440198253
"吉林市丰满区人民法院",126.616260155687,43.7898729009343
"福建省莆田市中级人民法院",119.032742027424,25.4428659701586
"花垣县人民法院",109.461539993072,28.5880450409012
"湖南省浏阳市人民法院",113.646628762622,28.1680323845178
"湖南省龙山县人民法院",109.455456039346,29.458577987222
"西吉县人民法院",105.712874013163,35.9740829188567
"安徽省淮南市谢家集区人民法院",116.87865995805,32.6036030815317
"湖南省龙山县人民法院",109.455456039346,29.458577987222
"辽阳市白塔区人民法院",123.168794023755,41.273560953743
"广东省吴川市人民法院",110.791181086454,21.4126251705447
"广东省连南瑶族自治县人民法院",112.291987198092,24.7305273032217
"河南省郸城县人民法院",115.178460026105,33.642817061835
"湖南省湘乡市人民法院",112.526580041267,27.7403440198253
"辽宁省大连市中级人民法院",121.619414376764,38.917689579282
"黑龙江省大庆市让胡路区人民法院",124.862834983755,46.6236435320002
"河南省宁陵县人民法院",115.311855968912,34.4608060238914
"湖南省长沙市雨花区人民法院",113.045277991717,28.1434950060342
"定安县人民法院",110.365800998791,19.6849900307799
"湖南省龙山县人民法院",109.455456039346,29.458577987222
"河北省承德县人民法院",118.181857991895,40.7853179511078
"琼海市人民法院",110.475372981131,19.2641239988
"湖南省常宁市人民法院",112.42252599035,26.4069290067711
"中卫市沙坡头区人民法院",105.205113021956,37.5081180720441
"上海市奉贤区人民法院",121.496756957684,30.9260868082243
"湖南省祁东县人民法院",112.116408984527,26.6755165684644
"张掖市中级人民法院",100.482368011767,38.9436141288217
"吴忠市利通区人民法院",106.205996038118,38.0122420614025
"湖北省武汉市黄陂区人民法院",114.385329023541,30.8918418774384
"湖南省龙山县人民法院",109.455456039346,29.458577987222
"都兰县人民法院",98.1017630102804,36.3175349080018
"河南省栾川县人民法院",111.617388969209,33.791850066639
"安徽省颍上县人民法院",116.25057399802,32.6500331332221
"湖北省麻城市人民法院",114.994515533946,31.1703754477386
"河南省焦作市马村区人民法院",113.33464799228,35.2627148849585
"江西省鹰潭市余江区人民法院",116.824285959004,28.2124719765954
"湖南省攸县人民法院",113.351993987654,27.0026959375876
"安徽省蒙城县人民法院",116.579332973984,33.2598871410712
"湖南省龙山县人民法院",109.455456039346,29.458577987222
"湖南省龙山县人民法院",109.455456039346,29.458577987222
"安徽省长丰县人民法院",117.170514028408,32.4651770925838
"辽阳市白塔区人民法院",123.168794023755,41.273560953743
"上海市杨浦区人民法院",121.536879503796,31.2699653026107
"西宁市中级人民法院",101.859104748221,36.5884874774362
"西安市临潼区人民法院",109.219458978165,34.3822990230654
"辽宁省沈阳市中级人民法院",123.444056032022,41.8115398985473
"湖南省湘乡市人民法院",112.526580041267,27.7403440198253
"山东省郯城县人民法院",118.381554989816,34.6182119608296
"广东省廉江市人民法院",110.284863043555,21.5914459689315
"江苏省灌南县人民法院",119.334506579899,34.0943339860123
"河南省项城市人民法院",114.907983021798,33.4463110867764
"广东省湛江市赤坎区人民法院",110.379783034218,21.2786360115588
"河南省焦作市马村区人民法院",113.33464799228,35.2627148849585
"湖南省龙山县人民法院",109.455456039346,29.458577987222
"河南省汝南县人民法院",114.327076965457,33.0092421074221
"河南省光山县人民法院",114.928490258624,32.0138594723548
"门源回族自治县人民法院",101.62843803903,37.3821806263135
"湖北省崇阳县人民法院",114.044724976361,29.5581029865062
"安徽省凤阳县人民法院",117.535112968796,32.8796930798535
"河南省焦作市马村区人民法院",113.33464799228,35.2627148849585
"上海市浦东新区人民法院",121.550907891792,31.2311820411696
"河南省上蔡县人民法院",114.264567029087,33.2835331443124
"湖北省竹溪县人民法院",109.713091959295,32.3192330676547
"镇原县人民法院",107.206626989755,35.6770989236136
"江西省上饶市中级人民法院",117.946210072772,28.4605117589276
"上海市杨浦区人民法院",121.536879503796,31.2699653026107
"安徽省颍上县人民法院",116.25057399802,32.6500331332221
"江西省修水县人民法院",114.541473011343,29.025889033795
"江西省新余市中级人民法院",114.927515402432,27.8383681466305
"安徽省长丰县人民法院",117.170514028408,32.4651770925838
"安徽省蒙城县人民法院",116.579332973984,33.2598871410712
"云南省元谋县人民法院",101.875193029841,25.7141829674257
"河北省张家口市宣化区人民法院",115.089099019397,40.6236310314358
"安徽省凤阳县人民法院",117.535112968796,32.8796930798535
"西吉县人民法院",105.712874013163,35.9740829188567
"河北省泊头市人民法院",116.591415003432,38.0889070282862
"安徽省凤台县人民法院",116.720495037416,32.7150681348896
"安徽省凤台县人民法院",116.720495037416,32.7150681348896
"云南省南华县人民法院",101.283554019463,25.2083810458232
"江西省共青城市人民法院",115.802477006155,29.2572200660258
"上海市宝山区人民法院",121.476268405613,31.4073694359516
"安徽省天长市人民法院",119.007604042102,32.6976360742969
"安徽省颍上县人民法院",116.25057399802,32.6500331332221
"湖南省龙山县人民法院",109.455456039346,29.458577987222
"乾县人民法院",108.261370787345,34.5330300091304
"广东省吴川市人民法院",110.791181086454,21.4126251705447
"大连市普兰店区人民法院",122.480878042183,39.5164060828996
"江西省信丰县人民法院",114.937905024296,25.3986090021899
"安徽省凤台县人民法院",116.720495037416,32.7150681348896
"上海市宝山区人民法院",121.476268405613,31.4073694359516
"湖南省花垣县人民法院",109.461539993072,28.5880450409012
"江西省抚州市临川区人民法院",116.375578943358,27.9723076626137
"山东省蒙阴县人民法院",117.95885796091,35.7277088655553
"湖南省新化县人民法院",111.324108375838,27.7237659793392
"湖北省武汉市中级人民法院",114.249077277687,30.6293242245695
"贵州省贵阳市中级人民法院",106.716936659168,26.5818824819765
"河南省新蔡县人民法院",114.960754967117,32.7718351148512
"兰州市红古区人民法院",102.858318982237,36.355084901547
"静宁县人民法院",105.74132101307,35.5347609161766
"河南省上蔡县人民法院",114.264567029087,33.2835331443124
"河南省商水县人民法院",114.629109016905,33.564622078693
"河北省南皮县人民法院",116.711701973932,38.0432640224583
"古交市人民法院",112.18295376405,37.9137240608453
"山东省淄博市张店区人民法院",118.037859528815,36.8087184106634
"山东省青岛市中级人民法院",120.46629301057,36.0955558988131
"彭阳县人民法院",106.634848975024,35.862740912742
"湖北省武汉市黄陂区人民法院",114.385329023541,30.8918418774384
"本溪市明山区人民法院",123.830062401187,41.3071436042697
"江苏省南通市港闸区人民法院",120.856765125917,32.0501570702189
"琼海市人民法院",110.475372981131,19.2641239988
"云南省罗平县人民法院",104.30880901494,24.8768189929259
"广东省吴川市人民法院",110.791181086454,21.4126251705447
"北京市第二中级人民法院",116.446085071925,39.8711576465256
"江西省赣州市中级人民法院",114.930860961642,25.8503720763466
"广东省连州市人民法院",112.39303497979,24.7712600199023
"湖南省湘乡市人民法院",112.526580041267,27.7403440198253
"湖南省湘乡市人民法院",112.526580041267,27.7403440198253
"甘肃省康乐县人民法院",103.719294957595,35.3697509171607
"湖北省武汉市青山区人民法院",114.390976041468,30.6244688629513
"湖南省龙山县人民法院",109.455456039346,29.458577987222
"广东省连州市人民法院",112.39303497979,24.7712600199023
"湖南省湘乡市人民法院",112.526580041267,27.7403440198253
"黑龙江省大庆市让胡路区人民法院",124.862834983755,46.6236435320002
"黑龙江省大庆市让胡路区人民法院",124.862834983755,46.6236435320002
"山东省青岛市中级人民法院",120.46629301057,36.0955558988131
"固原市原州区人民法院",106.260704999609,36.0330828556552
"湖南省湘乡市人民法院",112.526580041267,27.7403440198253
"湖南省花垣县人民法院",109.461539993072,28.5880450409012
"湖南省湘乡市人民法院",112.526580041267,27.7403440198253
"云南省耿马傣族佤族自治县人民法院",99.40529502419,23.5316559994147
"湖南省湘乡市人民法院",112.526580041267,27.7403440198253
"辽阳市白塔区人民法院",123.168794023755,41.273560953743
"湖南省邵阳市中级人民法院",111.496909028767,27.2383429692644
"在陕西省黄陵县人民法院",109.26841195727,35.5853169019349
"湖南省龙山县人民法院",109.455456039346,29.458577987222
"江苏省海安市人民法院",120.485132004234,32.5335050992081
"广东省连州市人民法院",112.39303497979,24.7712600199023
"上海市浦东新区人民法院",121.550907891792,31.2311820411696
"上海市闵行区人民法院",121.384647980886,31.1279918487453
"安徽省淮南市谢家集区人民法院",116.87865995805,32.6036030815317
"湖南省资兴市人民法院",113.242893975028,25.9681329954136
"永登县人民法院",103.270330038288,36.7276659031795
"广东省吴川市人民法院",110.791181086454,21.4126251705447
"湖南省益阳市中级人民法院",112.369226021069,28.5663820456435
"天津市红桥区人民法院",117.1396929867,39.1749460748024
"山东省金乡县人民法院",116.341262969763,35.0773409069909
"辽阳市白塔区人民法院",123.168794023755,41.273560953743
"甘肃省白银市中级人民法院",104.15143299775,36.5528338931381
"定边县人民法院",107.585479972483,37.6261110093811
"湖南省湘乡市人民法院",112.526580041267,27.7403440198253
"兰州市红古区人民法院",102.858318982237,36.355084901547
"上海市浦东新区人民法院",121.550907891792,31.2311820411696
"辽阳市白塔区人民法院",123.168794023755,41.273560953743
"湖南省龙山县人民法院",109.455456039346,29.458577987222
"安徽省临泉县人民法院",115.275226034623,33.0521080856198
"黑龙江省牡丹江市爱民区人民法院",129.598006982415,44.6024410257952
"上海市虹口区人民法院",121.469406519314,31.2824786422979
"固原市原州区人民法院",106.260704999609,36.0330828556552
"安徽省阜阳市中级人民法院",115.820032246756,32.889031865277
"上海市浦东新区人民法院",121.550907891792,31.2311820411696
"平乐县人民法院",110.643465974205,24.6300020193148
"湖南省湘乡市人民法院",112.526580041267,27.7403440198253
"湖南省吉首市人民法院",109.693059014454,28.2458950201045
"湖南省龙山县人民法院",109.455456039346,29.458577987222
"河北省临漳县人民法院",114.590633873268,36.3252533993745
"广东省遂溪县人民法院",110.274715964178,21.3894639792877
"黑龙江省逊克县人民法院",128.497264004213,49.5905599444819
"安徽省定远县人民法院",117.709315966513,32.5379291163838
"湖南省湘乡市人民法院",112.526580041267,27.7403440198253
"江西省上犹县人民法院",114.54809199583,25.7901540362926
"广东省广州市中级人民法院",113.297259334644,23.2326389157681
"平凉市中级人民法院",106.674739039669,35.546596912803
"定远县人民法院",117.709315966513,32.5379291163838
"上海市浦东新区人民法院",121.550907891792,31.2311820411696
"湖南省新化县人民法院",111.324108375838,27.7237659793392
"莆田市秀屿区人民法院",119.109589997674,25.3015440175314
"广东省吴川市人民法院",110.791181086454,21.4126251705447
"上海市浦东新区人民法院",121.550907891792,31.2311820411696
"歙县人民法院",118.432695955442,29.8742199450307
"上海市宝山区人民法院",121.476268405613,31.4073694359516
"大通回族土族自治县人民法院",101.692649006714,36.9329519059628
"江苏省南京市中级人民法院",118.787377978531,32.0557360540211
"河南省安阳市文峰区人民法院",114.368567002047,36.0692838695898
"安徽省固镇县人民法院",117.326054010511,33.3381851373911
"江西省南昌市东湖区人民法院",115.90632202138,28.7064370409156
"辽阳市白塔区人民法院",123.168794023755,41.273560953743
"河南省商水县人民法院",114.629109016905,33.564622078693
"广西壮族自治区平乐县人民法院",110.643465974205,24.6300020193148
"江西省贵溪市人民法院",117.253993992782,28.2994149819932
"高平市人民法院",112.953198008322,35.7760478872246
"湖南省湘西土家族苗族自治州中级人民法院",109.686940026814,28.2381120380211
